{"loss": NaN, "_timestamp": 1714317150.927404, "_runtime": 36342.24401783943, "_step": 323}