{"loss": NaN, "_timestamp": 1714320881.560596, "_runtime": 40072.87720990181, "_step": 347}