{"loss": 6769.81689453125, "_timestamp": 1714272435.8243892, "_runtime": 2278.5807781219482, "_step": 0, "_wandb": {"runtime": 1051}}